{"HealPersen":25,"AutoFarmBoss":{"Method":"Normal","Active":false},"AutoRengoku":false,"AutoDarkDragger":{"Method":"Normal","Active":false},"FarmAllBoss":{"Method":"Normal","Active":false},"Auto Saber":false,"AutoBuyDevilFruit":{"Fruit":[],"Active":false},"ESP":{"Players":false,"Chests":false,"Dealers":false,"Fruits":false,"Islands":false},"AutoCakePrince":{"Method":"Normal","Active":false},"Auto Pole v1":{"Method":"Normal","Active":false},"AutoSerpentBow":{"Method":"Normal","Active":false},"AutoBuyColorsHaki":false,"Auto DeathStep":false,"Auto TrueTripleKatana":false,"EvoV3":{"Mink":false},"AutoStats":{"Defense":false,"Melee":false,"Sword":false,"Fruit":false,"Gun":false},"Weapon":"N/A","AutoFarmKen":{"Delay":60,"Method":"Normal","Active":false},"SkillActive":["Z","X","C","V"],"AutoEquipAccessory":false,"FastAttackDelay":"0.175","FastAttack":true,"AutoActiveBuso":true,"Auto Superhuman":false,"DistanceZ":0,"AutoNextSea":false,"DistanceY":30,"Team":"Pirates","AutoFactory":{"Method":"Normal","Active":false},"AutoBuyLegendarySword":false,"AutoRandomBone":false,"BringMob":true,"AutoBuddySword":{"Method":"Normal","Active":false},"AutoStoreFruit":false,"Auto SharkmanKarate":false,"InfAgility":false,"AutoTushitaSword":false,"AutoRejoin":false,"DistanceX":0,"Auto DragonTalon":false,"AutoRandomFruit":false,"AutoCanvander":{"Method":"Normal","Active":false},"AutoFarm":{"Option":"Normal","Method":"Level [Quest]","Active":false},"AutoYamaSword":false,"Auto ElectricClaw":false,"AutoHallowScythe":{"Method":"Normal","Active":false},"Auto EliteBoss":{"Method":"Normal","Active":false}}