{"Auto Angler Quests":false,"Reduce Lag":false,"Hide Notification":false,"Auto Ingredients":false,"Farm Reel Mode":"Faster","Choose Rod Equip":"Flimsy Rod","Allow Use Shiny":false,"Freeze Body":false,"Auto Claim Crab Cage":true,"Auto Buy Quality Bait Crate [525$]":false,"Auto Tap Loading Screen":false,"Auto Farm Fish":false,"Auto Cast Zone":false,"Infinite Jump":false,"Walk On Water":true,"Unrender Players Crab Cage":true,"Auto Kings Rod":false,"Auto Buy Relic [11,000C$]":false,"Anti-Staff":false,"Auto Trade Player":false,"Enable Walkspeed":false,"Allow Use Mutation":false,"Remove Fog":false,"Auto Sell Fish":true,"Auto Place Crab Cage":true,"Auto Use Totem":false,"Auto Complete Pierre":false,"Auto Sell In Hand":false,"Allow Use Sparkling":false,"Auto Buy Crab Cage":true,"CTRL + Click to Teleport":false,"Auto Equip Bait":false,"Webhook Caught Rarity":false,"Auto Accept Trade":false,"Auto Buy Bait Crate":false,"Auto Cast":true,"Choose Map Bestiary":"Moosewood","Farm Fish Mode":"Safe","SavedPosition":[349.7648620605469,133.91476440429688,212.13356018066407],"Auto Trident Rod":false,"Prevent Perfect Catches":true,"Auto Fungal Rod":false,"Hide Identity":false,"Dupe Shadows V1":false,"Auto Give To Player":false,"Remove Blur":false,"Auto Prevent Crab Cage":true,"Show Screen White":false,"Simulate Lag/Ping":false,"Auto Shake":true,"Boost FPS":false,"Auto Scurvy Rod":false,"Lock Position":false,"Allow Use Weight":false,"Auto Buy Luck [5,000C$]":false,"Dupe Shadows V2":false,"Anti-Swim":true,"Infinite Oxygen":true,"Auto Sell All":true,"Auto Magma Rod":false,"Webhook Caught":false,"Send Webhook Stats":false,"Auto Fix Treasure Map":false,"Destroy Shadows":false,"Auto Reconnect":false,"Auto Farm Bones":false,"Auto Ingredients Pot":false,"Auto Bestiary Map":false,"Show Screen Black":false,"Auto Get Treasure Chest":true,"Auto Fillionaire":false,"Allow Ping On Ping Message/ID":false,"Auto Buy Coral Geode [600$]":false,"Auto Relic Rod":false,"Auto Appraise":false,"Auto Enchant Altar":false,"Auto Reel":true,"Auto Equip Random Bait":false,"Unrender Flag":false,"Auto Nuke Minigame":false}